CRPBS,Distance of Center Position of CRPBS to TSS,Transcription Unit,Regulatory Role
ataaagctcgAATTGTGATGACGATCACACATgttaaaacct,-31.5,gcd,-
tgttgtgtggAATTGTGAGCGGATAACAATTTcacacaggaa,26.5,lacZYA,-
tgttgtgtggAATTGTGAGCGGATAACAATTTcacacaggaa,33.5,lacZYA,-
gcaacgcaatTAATGTGAGTTAGCTCACTCATtaggcacccc,-46.5,lacZYA,-
gcaacgcaatTAATGTGAGTTAGCTCACTCATtaggcacccc,-39.5,lacZYA,-
ccgttctggtGGTTGTGATGGTGGTATGAAAAaagtcatttt,44.5,araJ,-
acgattccacTAATTTATTCCATGTCACACTTttcgcatctt,-36.5,galETKM,-
agagattcttTTGTGTGATGCAAGCCACATTTttgccctcaa,-86,serC-aroA,-
actaaatgatAGATGTGATCTGGATCACATACaagatatttt,-152.5,comR,-
aaaatatcttGTATGTGATCCAGATCACATCTatcatttagt,-36.5,bhsA,-
ataaaaggtaAAACGTTTTATCTGTCACATAAtcagggagta,17.5,malI,-
taatgggctaAAATTTGCGATGCGTCGCGCATttttgatgta,-94.5,cdd,-
tgctgatttaGAATTTGATCTCGCTCACATGTtaccttctca,28.5,xseA,-
gtttgcaattATTTGCCACAGGTAACAAAAAAccagtccgcg,-40.5,nupG,-
aacgttgacaAAATGTGGCGTGGATCACTATAatgcctgcag,-19.5,metY-rimP-nusA-infB-rbfA-truB-rpsO-pnp,-
tttaataaagAATTTTGCGCTAAAGCACATTTctgtaccaat,-65.5,gltBDF,-
gtgtctcgctTCAGCATGACCCAGGTCGCCTTccgttgcgcg,58.5,yhfA,-
atgtactgcaTGTATGCAAAGGACGTCACATTaccgtgcagt,41.5,crp,-
ttgcattttaAGAGGTGATTTTGATCACGGAAtaaaaagtga,-7.5,ppiA,-
ttgcattttaAGAGGTGATTTTGATCACGGAAtaaaaagtga,12.5,ppiA,-
ttttaggtgaTTTTGTGATCTGTTTAAATGTTttattgcaat,-95.5,ppiA,-
cgcacattggGTATAACGTGATCATATCAACAgaatcaataa,-53,ompR-envZ,-
cgcacattggGTATAACGTGATCATATCAACAgaatcaataa,-5,ompR-envZ,-
cttgcattgaACTTGTGGATAAAATCACGGTCtgataaaaca,-27.5,rpoH,-
cttgcattgaACTTGTGGATAAAATCACGGTCtgataaaaca,-20.5,rpoH,-
tcttcccggtATTTCATCTCTATGTCACATTTtgtgcgtaat,-80.5,rpoH,-
tcttcccggtATTTCATCTCTATGTCACATTTtgtgcgtaat,-73.5,rpoH,-
caaggatgtaAATAATGAAAAGGATGACATATtcgaaacgat,-19.5,gadE-mdtEF,-
tatctgtcgaGATCGTGAACTACGGCACACTTtgcgctacca,50.5,yiaJ,-
tctgttctgtTAAATGTGTTTTGCTCATAGTGtggtagaata,-23.5,trxA,-
cagcaaggtgTTAAATTGATCACGTTTTAGACcattttttcg,-2,cyaA,-
ttttgcacgaTGGTGCGCATGATAACGCCTTTtaggggcaat,-55.5,glnALG,-
ccttttgcacGATGGTGCGCATGATAACGCCTtttaggggca,-57.5,glnALG,-
acaaaaaataTAGATCTCCGTCACATTTTTGCgttatacagg,-25,psiE,-
aacgaaatccATGTGTGAAGTTGATCACAAATttaaacactg,-34.5,proP,-
ctggctgcgtGGTTGGGAAGGGGTTCACTGGCttgacagtga,-96.5,hfq-hflXKC,-
tccacattgaTTATTTGCACGGCGTCACACTTtgctatgcca,-93.5,araBAD,+
tggcatagcaAAGTGTGACGCCGTGCAAATAAtcaatgtgga,-72.5,araC,+
ttccccaactTTCTTCGTAACGCCTCGCAAATttcttgtctt,20.5,ppdD-hofBC,+
aggttttaacATGTGTGATCGTCATCACAATTcgagctttat,-65.5,hpt,+
taatccgcaaATATGCGTTTCAGTTAACGTTTcaggcaatgt,-68.5,prpR,+
acattgcctgAAACGTTAACTGAAACGCATATttgcggatta,-106.5,prpBCDE,+
tgttgtgtggAATTGTGAGCGGATAACAATTTcacacaggaa,11.5,lacZYA,+
gcaacgcaatTAATGTGAGTTAGCTCACTCATtaggcacccc,-61.5,lacZYA,+
gactcggacaAAATGTCGTTGCGCGCACAGTAcagcgcaact,-40.5,mhpR-lacI,+
cagcaaactgGAAAGTACGTTTGCAGTGAAATaactattcag,-90.5,araJ,+
gtgactgcaaAATAGTGACCTCGCGCAAAATGcactaataaa,-83.5,hupB,+
accaaaacttACATCTTGAAATAATCACATTGattagatgaa,-31.5,nmpC,+
ttcagataaaAATAGAGATCTACTTCACAAATcaaacgagaa,-73.5,nmpC,+
actcggttaaCGGAGTGATCGAGTTAACATTGttaagttaaa,-89.5,cstA,+
acatcaaaaaTAACGCGACTTTTATCACTTTTtagtaaagtt,-61.5,cspE,+
ttgccgttgtAAATGTAAGCTGTGCCACGTTTttattaacaa,-70.5,fur,+
ttgccgttgtAAATGTAAGCTGTGCCACGTTTttattaacaa,-77.5,fur,+
acgattccacTAATTTATTCCATGTCACACTTttcgcatctt,-41.5,galE,+
acgattccacTAATTTATTCCATGTCACACTTttcgcatctt,-41.5,galETKM,+
ttcctgtcaaTAGCGTTAACTGCTTCAAATTTttgattcata,-83.5,cspD,+
tatcgttggcATCAGCGACATCTGTCACATTCctgtcaatag,-112.5,cspD,+
aagccaggcgAGATATGATCTATATCAATTTCtcatctataa,-40.5,focA-pflB,+
acgtttgaaaTATTGTGACATATGTTTTGTCAaaatgtgcaa,-94.5,ptsG,+
tctgaagttgAAACGTGATAGCCGTCAAACAAattggcactg,-40.5,ptsG,+
acattaaacaTTGTTTGATATTTATCATATTAatagaaataa,-61.5,hlyE,+
agagtcagggAGATGTGAGCCAGCTCACCATAaaaaagccgc,-43.5,dadAX,+
agagtcagggAGATGTGAGCCAGCTCACCATAaaaaagccgc,-72.5,dadAX,+
agagtcagggAGATGTGAGCCAGCTCACCATAaaaaagccgc,-59.5,dadAX,+
tgagttatcaAGATGTGATTAGATTATTATTCttttactgta,-9.5,dadAX,+
agttatcaagATGTGATTAGATTATTATTCTTttactgtatc,7,dadAX,+
taagggttgtAATTGTGATCACGCCCGCACATaacccactgg,-41.5,ychH,+
taacttatatTTTCGTGAAATCTGTCACTGAAgaaaattggc,-52.5,mcaS,+
tataaaaataGGGTGCGAAATCCGTCACAGTTcaaacataca,-58.5,paaABCDEFGHIJK,+
tgtatgtttgAACTGTGACGGATTTCGCACCCtatttttata,-136.5,paaZ,+
attgttgtaaAAATGTGACGCAAAGAGGTTTTtggtcataag,-52.5,trg,+
gctcatttatATCTGTGATGGCAACCACAGTTtgactctacg,-142.5,lsrACDBFG-tam,+
cgtagagtcaAACTGTGGTTGCCATCACAGATataaatgagc,-60.5,lsrRK,+
aaatagcataAATTGTGATCTATTCGTCGGAAatatgtgcaa,-71.5,lsrACDBFG-tam,+
ttgcacatatTTCCGACGAATAGATCACAATTtatgctattt,-131.5,lsrRK,+
atgacttcttCCAGCAGATACAACTCACACAAtgcacccgct,-53.5,fumC,+
caggcagtaaGTGAGAGAACAATGTCAAACAAaccctttcat,63.5,fumAC,+
tactccctgaTTATGTGACAGATAAAACGTTTtaccttttat,-101.5,malXY,+
tatcaaatttTAGTGAGGCATAAATCACATTAcgcaacgata,-43.5,malI,+
tatcgttgcgTAATGTGATTTATGCCTCACTAaaatttgata,-41.5,malXY,+
tatttgcccgAAATGTGAAGAGGGTCATAACCacaggtcaag,-83.5,chbBCARFG,+
gataaaaataAATAGTGACGCGCTTCGCAACCttttcgttgg,-59.5,fadD-sroD,+
attgagtgttTTGTGTGATCTGCATCACGCATtattgaaaat,-71.5,flhDC,+
tgtaattctgCGATGTGATATTGCTCTCCTATggagaattaa,-42.5,araFGH,+
agactggcagGAGTGCGAGTCTGCTCGCATAAtcaacactca,-41.5,sbmC,+
ggatggaaaaTTCTTAGAAACCGATCACATACagctgcattt,-42.5,cyaR,+
atattgtcgtTTTTGTGATCGTTATCTCGATAtttaaaaaca,-40.5,gatYZABCD,+
atgggctaaaATTTGCGATGCGTCGCGCATTTttgatgtatg,-92.5,cdd,+
accgctttcaATCTGTGAGTGATTTCACAGTAtcttaacaat,-41.5,mglBAC,+
ttcataaattAAATGTGAATTGCCGCACACATtattaaataa,-90.5,glpABC,+
ttatttaataATGTGTGCGGCAATTCACATTTaatttatgaa,-41.5,glpTQ,+
aaatgttcaaAATGACGCATGAAATCACGTTTcactttcgaa,-40.5,glpABC,+
ttcgaaagtgAAACGTGATTTCATGCGTCATTttgaacattt,-91.5,glpTQ,+
aattatgagcGAATATGCGCGAAATCAAACAAttcatgtttt,-0.5,glpABC,+
aaaacatgaaTTGTTTGATTTCGCGCATATTCgctcataatt,-131.5,glpTQ,+
gcaaaatcggATAAGTGACCGAAATCACACTTaaaaatgatc,-157.5,fadL,+
ttaggtgcttTTTTGTGGCCTGCTTCAAACTTtcgcccctcc,-63.5,ptsHI-crr,+
ttaggtgcttTTTTGTGGCCTGCTTCAAACTTtcgcccctcc,-60.5,ptsHI-crr,+
ccgcttaagtTCTTATGACGCTCTTCACACTCtgcgagtgta,-71.5,murQP,+
ccgcttaagtTCTTATGACGCTCTTCACACTCtgcgagtgta,-79.5,murQP,+
tgagaaggtaACATGTGAGCGAGATCAAATTCtaaatcagca,-117.5,guaBA,+
atgttactaaTTTGTTGCTTTTGATCACAATAagaaaacaat,-68.5,csiD-lhgO-gabDTP,+
ggaaaaatatTCAGGTGACCGGTTTCACAAATataaaaaatg,-71.5,ascFB,+
gatcgcgaaaAACTGGAACGCTTTTCGCATTCtgaaggcctg,-60.5,relA-mazEF,+
tttcgattatTAAAGTGATGGTAGTCACATAAagtcaccttc,-80.5,fucPIKUR,+
tctagctaatAAGTGTGACCGCCGTCATATTAcagagcgttt,-40.5,fucPIKUR,+
ttaatttgaaAATTGGAATATCCATCACATAAcgacatgtcg,-94.5,araE-ygeA,+
gtcttattcaAATTGACTTTCTCATCACATCAtctttgtata,-145.5,gcvTHP,+
cctctgttgtTTATTTGATACCCATCACACTTtcatctcccg,-313.5,gcvTHP,+
aaggggataaAAGTGTGATGTGAGTCAGATAAatgtcttctt,-70.5,epd-pgk-fbaA,+
taattcttcgTTTTGTTACCTGCCTCTAACTTtgtagatctc,-91.5,ansB,+
atgtttgcaaTTATTTGCCACAGGTAACAAAAaaccagtccg,-42.5,nupG,+
ttaaatcgcaAATTGCGATCTAAATCAAATTAatcggttaaa,-49.5,aer,+
ttgaaagttaATTTGTGAGTGGTCGCACATATcctgttcatt,-43.5,tdcABCDEFG,+
attatgtttcTTTTGTGAATCAGATCAGAAAAccattatctt,-60.5,kbaZ-agaVWA,+
ctgcaggcatTATAGTGATCCACGCCACATTTtgtcaacgtt,-167.5,argG,+
ataatgccacTTTAGTGAAGCAGATCGCATTAtaagctttct,-60.5,nanATEK-yhcH,+
cgcgcaacggAAGGCGACCTGGGTCATGCTGAagcgagacac,-59.5,crp,+
actgcacggtAATGTGACGTCCTTTGCATACAtgcagtacat,-42.5,yhfA,+
gtataggccaTAAATCGAGCCTGCTCCCAGCAgaatgcaaca,1.5,hofMNOP,+
ggcgctgtaaATCTGCATCGGAATTTGCAGGCgaacatcttt,-80.5,hofMNOP,+
cgcacattggGTATAACGTGATCATATCAACAgaatcaataa,-121,ompR-envZ,+
cgcacattggGTATAACGTGATCATATCAACAgaatcaataa,-75,ompR-envZ,+
ttccccgcgaTAATATGACCAACCTCTCATAAtttaaattta,-71.5,gntT,+
ttccccgcgaTAATATGACCAACCTCTCATAAtttaaattta,-115.5,gntT,+
ttccccgcgaTAATATGACCAACCTCTCATAAtttaaattta,-112.5,gntT,+
aaagatttggAATTGTGACACAGTGCAAATTCagacacataa,-70.5,malT,+
ataaacgccaTAATGTTATACATATCACTCTAaaatgttttt,-63.5,glpD,+
aaaaacatttTAGAGTGATATGTATAACATTAtggcgtttat,-58.5,glpEGR,+
gccgtcaccgCCTTGTCATCTTTCTGACACCTtactatctta,-26.5,ugpBAECQ,+
aagtgctggtTTGTGCGAGCCAGCTCAAACTTtttaaccttt,-81.5,dctA,+
tggtagcgcaAAGTGTGCCGTAGTTCACGATCtcgacagata,-105.5,yiaKLMNO-lyxK-sgbHUE,+
cttgcccgtaAATTCGTGATAGCTGTCGTAAAgctgttaccg,-60.5,aldB,+
acgaaggcatAACATGCTGTAGATCACATCAGgtgaacgccg,-261.5,mtlADR,+
taagaaaataTCTTGTGATTCAGATCACAAAGattcaacaaa,-219.5,mtlADR,+
atcaaaacaaAAATGTGACACTACTCACATTTaaatgccatt,-175.5,mtlADR,+
tacacaagcgTTTTGTGATGAACGTCACGTCAattacctctc,-102.5,mtlADR,+
ccccctatatTTATGTGATTGATATCACACAAaaggccgtcg,-58.5,mtlADR,+
acaccgcgcgAAGCGTGATGCATCTCACCTTTtcacttcata,-103.5,uhpT,+
attcagtacaAAACGTGATCAACCCCTCAATTttcccttgct,-64,ivbL-ilvBN,+
caaagttaatAACTGCGAGCATGGTCATATTTttatcaatag,-61.5,bglGFB,+
caaagttaatAACTGCGAGCATGGTCATATTTttatcaatag,-41.5,bglG,+
gcatttgcgtCATGGTGATGAGTATCACGAAAaaatgttaaa,-41.5,udp,+
tgaattgtggTGATGTGATGCTCACCGCATTTcctgaaaatt,-111.5,rhaSR,+
gctcaccgcaTTTCCTGAAAATTCACGCTGTAtcttgaaaaa,-92.5,rhaSR,+
taagaccagaAAACGTGATTTAACGCCTGATTtgtcgtacct,-63.5,hupA,+
ttaccgccaaTTCTGTAACAGAGATCACACAAagcgacggtg,-76.5,malEFG,+
caccgtcgctTTGTGTGATCTCTGTTACAGAAttggcggtaa,-195.5,malK-lamB-malM,+
cgtggcgattTTATGTGCGCATCTCCACATTAccgccaattc,-105.5,malEFG,+
gaattggcggTAATGTGGAGATGCGCACATAAaatcgccacg,-166.5,malK-lamB-malM,+
atgtaaggaaTTTCGTGATGTTGCTTGCAAAAatcgtggcga,-139.5,malEFG,+
tcgccacgatTTTTGCAAGCAACATCACGAAAttccttacat,-132.5,malK-lamB-malM,+
agaacacggcTTCTGTGAACTAAACCGAGGTCatgtaaggaa,-171.5,malEFG,+
ttccttacatGACCTCGGTTTAGTTCACAGAAgccgtgttct,-100.5,malK-lamB-malM,+
aattctacttTTGCGTGATCTGTCGCCCAAATactaaacaaa,-69.5,acs-yjcH-actP,+
ttaatcaactTTTGTTGCTGACCTTCAAAAATtaccctgccg,-122.5,acs-yjcH-actP,+
aaacgaaatcCATGTGTGAAGTTGATCACAAAtttaaacact,-122.5,proP,+
agagggtgaaAACCGTGCTCCCACTCGCAGTCatcctccctc,-41.5,melR,+
gagggaggatGACTGCGAGTGGGAGCACGGTTttcaccctct,-195.5,melAB,+
taaactcagaTCCTGCGTGAAGCAGCAGTAAAtctgagttta,-155.5,melR,+
taaactcagaTTTACTGCTGCTTCACGCAGGAtctgagttta,-81.5,melAB,+
tgctgacgcaCTTCGTGAACGATCCCACGAATttatgaataa,-57.5,dcuR,+
atgtggaattATTTGCGGGTCGCGTCACATTTaatcataaat,-60.5,ulaABCDEF,+
tgaatgcgccAACTGTGATAGTGTCATCATTTtcaaagcgta,-44,cpdB,+
gatcgacataTTTTGTGACACGAATTGCAAATctggttttgt,-61.5,nanCMS,+
agagtgaaatTCTTGTGATGTGGTTAACCAATttcagaattc,-57.5,uxuAB,+
gaattctgaaATTGGTTAACCACATCACAAGAatttcactct,-126.5,gntP,+
cacaatataaATATGTGATATGAATCACATATttatcgtcac,-132.5,yjiY,+
agatttccttAATTGTGATGTGTATCGAAGTGtgttgcggag,-40.5,deoCABD,+